<?xml version="1.0" encoding="UTF-8" standalone="yes"?>
<addon id="script.hyperion.switch" name="Ambilight Switch" version="1.2.2" provider-name="piotrekcrash">
	<requires>
		<import addon="xbmc.python" version="2.14.0"/>
		<import addon="service.hyperion.ng" optional="true"/>
		<import addon="script.module.requests"/>
	</requires>
	<extension point="xbmc.python.script" library="addon.py">
		<provides>executable</provides>
	</extension>
	<extension point="xbmc.addon.metadata">
		<platform>all</platform>
		<summary lang="en">Ambilight Switch for Hyperion</summary>
		<description lang="en">Ambilight Switch for Hyperion</description>
		<license>GNU General Public License, v2</license>
		<language></language>
		<assets>
			<icon>icon.png</icon>
		</assets>
	</extension>
</addon>
