<?xml version="1.0" encoding="UTF-8" standalone="yes"?>
<addon id="context.dandy.strm.generator" name="STRM Generator" version="n1.1.11" provider-name="dandy">
  <requires>
    <import addon="xbmc.python" version="2.1.0"/>
    <import addon="script.module.xbmc.helpers" version="2.1.0"/>
    <import addon="script.module.translit" version="2.1.0"/>
  </requires>
  <extension point="kodi.context.item" library="default.py">
    <item>
      <label>$ADDON[context.dandy.strm.generator 32000]</label>
      <visible>Container.Content(tvshows)|Container.Content(movies)|Container.Content(musicvideos)</visible>
    </item>
  </extension>
  <extension point="xbmc.python.script" library="default.py"/>
  <extension point="kodi.addon.metadata">
    <platform>all</platform>
    <summary lang="en">STRM Generator</summary>
    <description lang="en">STRM Generator</description>
    <license>GNU GENERAL PUBLIC LICENSE. Version 3, 29 June 2007</license>
    <forum></forum>
    <source></source>
  </extension>
</addon>
