<?xml version="1.0" encoding="UTF-8" standalone="yes"?>
<addon id="repository.notocomega" name="Notoco Mega Repository" provider-name="Notoco" version="1.1">
	  <extension point="xbmc.addon.repository">
		<dir>
			<info compressed="true">https://raw.github.com/pkscout/repository.beta.pkscout/helix/addons.xml</info>
			<checksum>https://raw.github.com/pkscout/repository.beta.pkscout/helix/addons.xml.md5</checksum>
			<datadir zip="true">https://raw.github.com/pkscout/repository.beta.pkscout/helix/download</datadir>
			<hashes>false</hashes>
		</dir>
		<dir>
			<info>https://github.com/CastagnaIT/repository.castagnait/raw/master/addons.xml</info>
			<checksum>https://github.com/CastagnaIT/repository.castagnait/raw/master/addons.xml.md5</checksum>
			<datadir zip="true">https://github.com/CastagnaIT/repository.castagnait/raw/master/zip</datadir>
		</dir>
		<dir>
			<info compressed="false">https://raw.githubusercontent.com/fanfilm/repository.fanfilm/master/zips/addons.xml</info>
			<checksum>https://raw.githubusercontent.com/fanfilm/repository.fanfilm/master/zips/addons.xml.md5</checksum>
			<datadir zip="true">https://raw.github.com/fanfilm/repository.fanfilm/master/zips</datadir>
		</dir>
		<dir>
			<info compressed="true">http://kodiwpigulce.pl/zip/addons.xml</info>
			<checksum>http://kodiwpigulce.pl/zip/addons.xml.md5</checksum>
			<datadir zip="true">http://kodiwpigulce.pl/zip/</datadir>
		</dir>
		<dir>
			<info compressed="false">https://raw.githubusercontent.com/jurialmunkey/repository.jurialmunkey/master/zips/addons.xml</info>
			<checksum>https://raw.githubusercontent.com/jurialmunkey/repository.jurialmunkey/master/zips/addons.xml.md5</checksum>
			<datadir zip="true">https://raw.githubusercontent.com/jurialmunkey/repository.jurialmunkey/master/zips/</datadir>
		</dir>
		<dir>
			<info compressed="false">https://raw.githubusercontent.com/kodi-community-addons/repository.marcelveldt/master/addons.xml</info>
			<checksum>https://raw.githubusercontent.com/kodi-community-addons/repository.marcelveldt/master/addons.xml.md5</checksum>
			<datadir zip="true">https://raw.githubusercontent.com/kodi-community-addons/repository.marcelveldt/master/</datadir>
		</dir>
		<dir>
			<info compressed="false">https://raw.githubusercontent.com/mbebe/blomqvist/master/zips/addons.xml</info>
			<checksum>https://raw.githubusercontent.com/mbebe/blomqvist/master/zips/addons.xml.md5</checksum>
			<datadir zip="true">https://github.com/mbebe/blomqvist/raw/master/zips</datadir>
		</dir>
		<dir>
			<info compressed="false">https://raw.githubusercontent.com/Proximus2000/mb-support/master/zips/addons.xml</info>
			<checksum>https://raw.githubusercontent.com/Proximus2000/mb-support/master/zips/addons.xml.md5</checksum>
			<datadir zip="true">https://github.com/Proximus2000/mb-support/raw/master/zips</datadir>
		</dir>
		<dir>
			<info>https://github.com/notoco/notoco.kwp/raw/master/addons.xml</info>
			<checksum>https://github.com/notoco/notoco.kwp/raw/master/addons.xml.md5</checksum>
			<datadir zip="true">https://github.com/notoco/notoco.kwp/raw/master/zip/</datadir>
		</dir>
		<dir>
			<info>https://github.com/notoco/univ/raw/master/addons.xml</info>
			<checksum>https://github.com/notoco/univ/raw/master/addons.xml.md5</checksum>
			<datadir zip="true">https://github.com/notoco/univ/raw/master/zip</datadir>
		</dir>
		<dir>
			<info compressed="false">https://raw.githubusercontent.com/piotrekcrash/kodi/master/addons.xml</info>
			<checksum>https://raw.githubusercontent.com/piotrekcrash/kodi/master/addons.xml.md5</checksum>
			<datadir zip="true">https://github.com/piotrekcrash/kodi/raw/master/zips/</datadir>
		</dir>
		<dir>
			<info compressed="false">https://raw.githubusercontent.com/piotrekcrash/dev_kodi/master/addons.xml</info>
			<checksum>https://raw.githubusercontent.com/piotrekcrash/dev_kodi/master/addons.xml.md5</checksum>
			<datadir zip="true">https://github.com/piotrekcrash/dev_kodi/raw/master/zips/</datadir>
		</dir>
		<dir>
			<info>https://polishteam.ru/REPA/Collection/addons.xml</info>
			<checksum>https://polishteam.ru/REPA/Collection/addons.xml.md5</checksum>
			<datadir zip="true">https://polishteam.ru/REPA/Collection/zip/</datadir>
		</dir>
		<dir>
			<info>https://raw.githubusercontent.com/rmrector/repository.rector.stuff/python2/addons.xml</info>
			<checksum>https://raw.githubusercontent.com/rmrector/repository.rector.stuff/python2/addons.xml.md5</checksum>
			<datadir zip="true">https://raw.githubusercontent.com/rmrector/repository.rector.stuff/python2/</datadir>
		</dir>
		<dir>
			<info compressed="false">https://nonanon.gitlab.io/unknow/addons.xml</info>
			<checksum>https://nonanon.gitlab.io/unknow/addons.xml.md5</checksum>
			<datadir zip="true">https://nonanon.gitlab.io/unknow/zip/</datadir>
		</dir>
		<dir>
			<info compressed="false">https://github.com/primaeval/repository.primaeval/raw/master/krypton/addons.xml</info>
			<checksum>https://github.com/primaeval/repository.primaeval/raw/master/krypton/addons.xml.md5</checksum>
			<datadir zip="true">https://raw.github.com/primaeval/repository.primaeval/master/krypton/</datadir>
		</dir>
		<dir>
			<info>https://github.com/notoco/univPrivate/raw/master/addons.xml</info>
			<checksum>https://github.com/notoco/univPrivate/raw/master/addons.xml.md5</checksum>
			<datadir zip="true">https://github.com/notoco/univPrivate/raw/master/zip</datadir>
			</dir>
	</extension>
	<extension point="xbmc.addon.metadata">
		<summary lang="en">Notoco Mega Repository</summary>
		<description lang="en"></description>
		<disclaimer lang="en"></disclaimer>
		<website>https://google.pl/</website>
		<platform>all</platform>
	</extension>
</addon>

