<?xml version="1.0" encoding="UTF-8" standalone="yes"?>
<addon id="repository.notoco.univPrivate" name="Notoco Univ Repo PRIVATE" version="1.1" provider-name="notoco">
		<extension point="xbmc.addon.repository" name="Notoco Univ Repo">
			<dir>
				<info>https://github.com/notoco/univPrivate/raw/master/addons.xml</info>
				<checksum>https://github.com/notoco/univPrivate/raw/master/addons.xml.md5</checksum>
				<datadir zip="true">https://github.com/notoco/univPrivate/raw/master/zip</datadir>
			</dir>
		</extension>
		<extension point="xbmc.addon.metadata">
			<summary>Notoco Univ Repo PRYWATNE</summary>
			<description>Repozytorium prywatne - zawiera wersje bibliotek i dodatków do kodi, które U MNIE I DLA MNIE lepiej działają w obniżonych wersjach, bądź są nadpisywane przez inne repozytoria.
Absolutnie nie używać!
Repozytorium tylko dla konkretnej konfiguracji kodi, występującej na sprzęcie którego używam.
NIE UŻYWAĆ - może się rozpocząć piekło zależności.</description>
			<platform>all</platform>
			<assets>
				<icon>icon.png</icon>
			</assets>
		</extension>
	</addon>
