<?xml version="1.0" encoding="UTF-8"?>
<addon id="plugin.video.themoviedb.helper"
version="2.0.3"
name="TheMovieDb Helper"
provider-name="jurialmunkey">
<requires>
  <import addon="xbmc.python" version="2.26.0"/>
  <import addon="script.module.simplecache" version="1.0.11" />
  <import addon="script.module.requests" version="2.9.1"/> 
</requires>
<extension point="xbmc.python.pluginsource" library="plugin.py">
  <provides>video</provides>
</extension>
<extension point="xbmc.service" start="login" library="service.py" />
<extension point="xbmc.python.script" library="script.py" />
<extension point="kodi.context.item">
  <menu id="kodi.core.main">
    <menu>
      <label>TMDbHelper - Trakt Manager</label>
      <item library="context-watchlist.py">
        <label>Trakt - Watchlist Add/Remove</label>
        <visible>!String.IsEmpty(ListItem.Property(tmdb_id)) + [String.IsEqual(ListItem.dbtype,episode) | String.IsEqual(ListItem.dbtype,movie) | String.IsEqual(ListItem.dbtype,tvshow)]</visible>
      </item>
      <item library="context-history.py">
        <label>Trakt - Watched History Add/Remove</label>
        <visible>!String.IsEmpty(ListItem.Property(tmdb_id)) + [String.IsEqual(ListItem.dbtype,episode) | String.IsEqual(ListItem.dbtype,movie) | String.IsEqual(ListItem.dbtype,tvshow)]</visible>
      </item>
      <item library="context-collection.py">
        <label>Trakt - Collection Add/Remove</label>
        <visible>!String.IsEmpty(ListItem.Property(tmdb_id)) + [String.IsEqual(ListItem.dbtype,episode) | String.IsEqual(ListItem.dbtype,movie) | String.IsEqual(ListItem.dbtype,tvshow)]</visible>
      </item>
    </menu>
  </menu>
</extension>
<extension point="xbmc.addon.metadata">
  <summary lang="en_GB">TheMovieDb Helper - Now With Trakt Support!</summary>
  <description lang="en_GB">TheMovieDb Helper provides details about movies, tvshows and actors from TMDb. Users can access a variety of lists from TMDb and Trakt.</description>
  <disclaimer lang="en_GB">Provided by TheMovieDb and Trakt.</disclaimer>
  <license>GPL-3.0</license>
  <assets>
    <icon>icon.png</icon>
    <fanart>fanart.jpg</fanart>
    <screenshot>resources/screenshot-01.jpg</screenshot>
    <screenshot>resources/screenshot-02.jpg</screenshot>
  </assets>
  <news>2.0.3 - Add fanart.tv optional support (increase load times significantly)[CR]2.0.2 - Player URL downloader[CR]2.0.1 - Widget player params[CR]2.0.0 - Code refactor[CR]1.0.30/29 - Addition of new infoproperties[CR]1.0.28/27/26/25/24 - Optimisation updates to service monitor[CR]1.0.23 - Add service monitor[CR]1.0.22 - Trakt management functiosn must be enabled in settings to display in details list[CR]1.0.21 - External Players and Search for items not in library[CR]1.0.20 - Hotfix[CR]1.0.19 - Trakt management options[CR]1.0.18 - Add ISO Lang and del N/A keys[CR]1.0.17 - Play detailed items in Kodi DB[CR]1.0.16 - Split multi filter/exclude keys and tmdb_id lookups[CR]1.0.15 - Add comma thousands for omdb review numbers and add languages properties[CR]1.0.14 - Remove script.module.trakt dependency for python 3 compatibility[CR]1.0.13 - Add Trakt In-Progress Shows plus better Recently Watched[CR]1.0.12 - Code cleanup[CR]1.0.11 - Add pagination to trakt lists[CR]1.0.10 - Add some additional lists from Trakt[CR]1.0.9 - Add genres for TMDb[CR]1.0.8 - Some small fixes for enditems[CR]1.0.7 - Trakt support[CR]1.0.6 - Fixes MPAA Rating Prefix[CR]1.0.5 - Fixes python text encoding/decoding issues</news>
</extension>
</addon>
